ADANA;ALADAĞ;1.00;1.00;bolge3;1.01
ADANA;CEYHAN;2.00;1.00;bolge3;1.01
ADANA;ÇUKUROVA;2.00;1.00;bolge3;1.01
ADANA;FEKE;1.00;1.00;bolge3;1.01
ADANA;İMAMOĞLU;1.20;1.00;bolge3;1.01
ADANA;KARAİSALI;1.00;1.00;bolge3;1.01
ADANA;KARATAŞ;1.40;1.00;bolge3;1.01
ADANA;KOZAN;1.20;1.00;bolge3;1.01
ADANA;POZANTI;1.40;1.00;bolge3;1.01
ADANA;SAİMBEYLİ;1.00;1.00;bolge3;1.01
ADANA;SARIÇAM;2.00;1.00;bolge3;1.01
ADANA;SEYHAN;2.00;1.00;bolge3;1.01
ADANA;TUFANBEYLİ;1.00;1.00;bolge3;1.01
ADANA;YUMURTALIK;1.50;1.00;bolge3;1.01
ADANA;YÜREĞİR;2.00;1.00;bolge3;1.01
ADIYAMAN;MERKEZ;1.70;1.40;bolge3;0.95
ADIYAMAN;BESNİ;1.70;1.40;bolge3;0.95
ADIYAMAN;ÇELİKHAN;1.10;1.40;bolge3;0.95
ADIYAMAN;GERGER;1.10;1.40;bolge3;0.95
ADIYAMAN;GÖLBAŞI;1.70;1.40;bolge3;0.95
ADIYAMAN;KAHTA;1.10;1.40;bolge3;0.95
ADIYAMAN;SAMSAT;1.10;1.40;bolge3;0.95
ADIYAMAN;SİNCİK;1.10;1.40;bolge3;0.95
ADIYAMAN;TUT;1.10;1.40;bolge3;0.95
AFYONKARAHİSAR;MERKEZ;1.40;1.10;bolge3;0.99
AFYONKARAHİSAR;BAŞMAKÇI;1.10;0.80;bolge3;0.99
AFYONKARAHİSAR;BAYAT (AFYON);1.10;0.80;bolge3;0.99
AFYONKARAHİSAR;BOLVADİN;1.20;0.90;bolge3;0.99
AFYONKARAHİSAR;ÇAY;1.10;0.90;bolge3;0.99
AFYONKARAHİSAR;ÇOBANLAR;1.10;0.80;bolge3;0.99
AFYONKARAHİSAR;DAZKIRI;1.10;0.80;bolge3;0.99
AFYONKARAHİSAR;DİNAR;1.20;0.90;bolge3;0.99
AFYONKARAHİSAR;EMİRDAĞ;1.20;0.90;bolge3;0.99
AFYONKARAHİSAR;EVCİLER;1.10;0.80;bolge3;0.99
AFYONKARAHİSAR;HOCALAR;1.10;0.80;bolge3;0.99
AFYONKARAHİSAR;İHSANİYE;1.10;0.80;bolge3;0.99
AFYONKARAHİSAR;İSCEHİSAR;1.10;0.80;bolge3;0.99
AFYONKARAHİSAR;KIZILÖREN;1.10;0.80;bolge3;0.99
AFYONKARAHİSAR;SANDIKLI;1.20;0.90;bolge3;0.99
AFYONKARAHİSAR;SİNANPAŞA;1.10;0.90;bolge3;0.99
AFYONKARAHİSAR;SULTANDAĞI;1.20;0.90;bolge3;0.99
AFYONKARAHİSAR;ŞUHUT;1.10;0.80;bolge3;0.99
AĞRI;MERKEZ;1.10;0.60;bolge3;0.92
AĞRI;DİYADİN;0.90;0.60;bolge3;0.92
AĞRI;DOĞUBEYAZIT;1.00;0.60;bolge3;0.92
AĞRI;ELEŞKİRT;1.00;0.60;bolge3;0.92
AĞRI;HAMUR;0.90;0.60;bolge3;0.92
AĞRI;PATNOS;1.00;0.60;bolge3;0.92
AĞRI;TAŞLIÇAY;0.90;0.60;bolge3;0.92
AĞRI;TUTAK;0.90;0.60;bolge3;0.92
AMASYA;MERKEZ;1.40;0.90;bolge3;1.00
AMASYA;GÖYNÜCEK;1.00;0.70;bolge3;1.01
AMASYA;GÜMÜŞHACIKÖY;1.00;0.70;bolge3;1.02
AMASYA;HAMAMÖZÜ;1.00;0.70;bolge3;1.03
AMASYA;MERZİFON;1.40;0.90;bolge3;1.04
AMASYA;SULUOVA;1.40;0.80;bolge3;1.05
AMASYA;TAŞOVA;1.00;0.80;bolge3;1.06
ANKARA;AKYURT;1.40;0.90;bolge1;1.02
ANKARA;ALTINDAĞ;2.50;1.20;bolge1;1.02
ANKARA;AYAŞ;1.20;0.80;bolge1;1.02
ANKARA;BALA;1.20;0.80;bolge1;1.02
ANKARA;BEYPAZARI;1.40;1.00;bolge1;1.02
ANKARA;ÇAMLIDERE;1.20;1.00;bolge1;1.02
ANKARA;ÇANKAYA;2.50;1.50;bolge1;1.02
ANKARA;ÇUBUK;1.40;0.90;bolge1;1.02
ANKARA;ELMADAĞ;1.20;0.80;bolge1;1.02
ANKARA;ETİMESGUT;2.50;1.20;bolge1;1.02
ANKARA;EVREN;1.20;0.60;bolge1;1.02
ANKARA;GÖLBAŞI;2.50;1.20;bolge1;1.02
ANKARA;GÜDÜL;1.00;0.70;bolge1;1.02
ANKARA;HAYMANA;1.40;0.90;bolge1;1.02
ANKARA;KALECİK;1.40;1.00;bolge1;1.02
ANKARA;KAHRAMANKAZAN;1.40;1.00;bolge1;1.02
ANKARA;KEÇİÖREN;2.50;1.20;bolge1;1.02
ANKARA;KIZILCAHAMAM;1.40;1.00;bolge1;1.02
ANKARA;MAMAK;2.50;1.20;bolge1;1.02
ANKARA;NALLIHAN;1.40;0.80;bolge1;1.02
ANKARA;POLATLI;1.40;0.90;bolge1;1.02
ANKARA;PURSAKLAR;2.50;1.00;bolge1;1.02
ANKARA;SİNCAN;2.50;1.00;bolge1;1.02
ANKARA;ŞEREFLİKOÇHİSAR;1.40;0.70;bolge1;1.02
ANKARA;YENİMAHALLE;2.50;1.20;bolge1;1.02
ANTALYA;AKSEKİ;1.00;0.80;bolge3;1.06
ANTALYA;AKSU;2.50;1.30;bolge3;1.06
ANTALYA;ALANYA;2.50;1.40;bolge3;1.06
ANTALYA;DEMRE;1.70;1.20;bolge3;1.06
ANTALYA;DÖŞEMEALTI;2.50;1.30;bolge3;1.06
ANTALYA;ELMALI;1.20;0.90;bolge3;1.06
ANTALYA;FİNİKE;2.00;1.20;bolge3;1.06
ANTALYA;GAZİPAŞA;1.70;1.00;bolge3;1.06
ANTALYA;GÜNDOĞMUŞ;1.00;0.70;bolge3;1.06
ANTALYA;İBRADI;0.90;0.70;bolge3;1.06
ANTALYA;KAŞ;2.00;1.20;bolge3;1.06
ANTALYA;KEMER;2.00;1.20;bolge3;1.06
ANTALYA;KEPEZ;2.50;1.30;bolge3;1.06
ANTALYA;KONYAALTI;2.50;1.30;bolge3;1.06
ANTALYA;KORKUTELİ;1.50;1.00;bolge3;1.06
ANTALYA;KUMLUCA;2.00;1.20;bolge3;1.06
ANTALYA;MANAVGAT;2.00;1.30;bolge3;1.06
ANTALYA;MURATPAŞA;2.50;1.30;bolge3;1.06
ANTALYA;SERİK;2.00;1.20;bolge3;1.06
ARTVİN;MERKEZ;1.50;1.00;bolge3;1.05
ARTVİN;ARDANUÇ;0.90;0.80;bolge3;1.05
ARTVİN;ARHAVİ;1.10;0.90;bolge3;1.05
ARTVİN;BORÇKA;1.10;0.80;bolge3;1.05
ARTVİN;HOPA;1.10;0.90;bolge3;1.05
ARTVİN;KEMALPAŞA;1.10;0.80;bolge3;1.05
ARTVİN;MURGUL;0.90;0.80;bolge3;1.05
ARTVİN;ŞAVŞAT;1.00;0.80;bolge3;1.05
ARTVİN;YUSUFELİ;0.90;0.80;bolge3;1.05
AYDIN;BOZDOĞAN;1.40;0.90;bolge1;1.06
AYDIN;BUHARKENT;1.00;0.90;bolge1;1.06
AYDIN;ÇİNE;1.40;1.20;bolge1;1.06
AYDIN;DİDİM(YENİHİSAR);1.40;1.40;bolge1;1.06
AYDIN;EFELER;2.00;1.50;bolge1;1.06
AYDIN;GERMENCİK;1.40;1.20;bolge1;1.06
AYDIN;İNCİRLİOVA;1.40;1.20;bolge1;1.06
AYDIN;KARACASU;1.40;0.80;bolge1;1.06
AYDIN;KARPUZLU;1.00;1.10;bolge1;1.06
AYDIN;KOÇARLI;1.40;1.20;bolge1;1.06
AYDIN;KÖŞK;2.30;1.20;bolge1;1.06
AYDIN;KUŞADASI;2.00;1.40;bolge1;1.06
AYDIN;KUYUCAK;1.40;0.80;bolge1;1.06
AYDIN;NAZİLLİ;1.40;0.90;bolge1;1.06
AYDIN;SÖKE;1.40;1.20;bolge1;1.06
AYDIN;SULTANHİSAR;1.40;0.90;bolge1;1.06
AYDIN;YENİPAZAR;1.00;0.90;bolge1;1.06
BALIKESİR;ALTIEYLÜL;2.00;1.00;bolge1;1.01
BALIKESİR;AYVALIK;2.00;1.00;bolge1;1.01
BALIKESİR;BALYA;1.00;0.70;bolge1;1.01
BALIKESİR;BANDIRMA;2.00;1.00;bolge1;1.01
BALIKESİR;BİGADİÇ;1.20;0.90;bolge1;1.01
BALIKESİR;BURHANİYE;2.00;1.00;bolge1;1.01
BALIKESİR;DURSUNBEY;1.20;0.70;bolge1;1.01
BALIKESİR;EDREMİT;2.00;1.00;bolge1;1.01
BALIKESİR;ERDEK;2.00;1.10;bolge1;1.01
BALIKESİR;GÖMEÇ;1.70;0.80;bolge1;1.01
BALIKESİR;GÖNEN;1.70;0.90;bolge1;1.01
BALIKESİR;HAVRAN;1.70;0.70;bolge1;1.01
BALIKESİR;İVRİNDİ;1.20;0.70;bolge1;1.01
BALIKESİR;KARESİ;2.00;1.00;bolge1;1.01
BALIKESİR;KEPSUT;1.20;0.70;bolge1;1.01
BALIKESİR;MANYAS;1.40;0.80;bolge1;1.01
BALIKESİR;MARMARA;1.70;1.10;bolge1;1.01
BALIKESİR;SAVAŞTEPE;1.20;0.70;bolge1;1.01
BALIKESİR;SINDIRGI;1.20;0.70;bolge1;1.01
BALIKESİR;SUSURLUK;1.70;0.90;bolge1;1.01
BİLECİK;MERKEZ;1.20;1.00;bolge3;1.06
BİLECİK;BOZÜYÜK;1.70;1.00;bolge3;1.06
BİLECİK;GÖLPAZARI;1.10;1.00;bolge3;1.06
BİLECİK;İNHİSAR;1.10;1.00;bolge3;1.06
BİLECİK;OSMANELİ;1.20;1.00;bolge3;1.06
BİLECİK;PAZARYERİ;1.00;1.00;bolge3;1.06
BİLECİK;SÖĞÜT;1.20;1.00;bolge3;1.06
BİLECİK;YENİPAZAR (BİLECİK);1.10;1.00;bolge3;1.06
BİNGÖL;MERKEZ;1.10;0.95;bolge3;0.94
BİNGÖL;ADAKLI;0.90;0.90;bolge3;0.94
BİNGÖL;GENÇ ;0.90;0.90;bolge3;0.94
BİNGÖL;KARLIOVA;0.90;0.90;bolge3;0.94
BİNGÖL;KIĞI;0.90;0.90;bolge3;0.94
BİNGÖL;SOLHAN;0.90;0.90;bolge3;0.94
BİNGÖL;YAYLADERE;0.90;0.90;bolge3;0.94
BİNGÖL;YEDİSU;0.90;0.90;bolge3;0.94
BİTLİS;MERKEZ;1.10;0.60;bolge3;0.95
BİTLİS;ADİLCEVAZ;0.90;0.50;bolge3;0.95
BİTLİS;AHLAT;0.90;0.50;bolge3;0.95
BİTLİS;GÜROYMAK;0.90;0.50;bolge3;0.95
BİTLİS;HİZAN;0.90;0.50;bolge3;0.95
BİTLİS;MUTKİ;0.90;0.50;bolge3;0.95
BİTLİS;TATVAN;0.90;0.60;bolge3;0.95
BOLU;MERKEZ;1.40;1.20;bolge2;1.03
BOLU;DÖRTDİVAN;1.00;1.00;bolge2;1.03
BOLU;GEREDE;1.40;1.20;bolge2;1.03
BOLU;GÖYNÜK;1.00;1.00;bolge2;1.03
BOLU;KIBRISCIK;1.00;1.00;bolge2;1.03
BOLU;MENGEN;1.20;1.00;bolge2;1.03
BOLU;MUDURNU;1.20;1.00;bolge2;1.03
BOLU;SEBEN;1.00;1.00;bolge2;1.03
BOLU;YENİÇAĞA;1.40;1.00;bolge2;1.03
BURDUR;MERKEZ;1.40;1.00;bolge3;1.06
BURDUR;AĞLASUN;1.10;0.80;bolge3;1.06
BURDUR;ALTINYAYLA;0.90;0.80;bolge3;1.06
BURDUR;BUCAK;1.10;1.00;bolge3;1.06
BURDUR;ÇAVDIR;0.90;0.80;bolge3;1.06
BURDUR;ÇELTİKÇİ;0.90;0.80;bolge3;1.06
BURDUR;GÖLHİSAR;1.10;0.80;bolge3;1.06
BURDUR;KARAMANLI;1.10;0.80;bolge3;1.06
BURDUR;KEMER;0.90;0.80;bolge3;1.06
BURDUR;TEFENNİ;1.10;0.80;bolge3;1.06
BURDUR;YEŞİLOVA;1.10;0.80;bolge3;1.06
BURSA;BÜYÜKORHAN;1.10;1.00;bolge1;1.06
BURSA;GEMLİK;2.00;1.20;bolge1;1.06
BURSA;GÜRSU;2.00;1.20;bolge1;1.06
BURSA;HARMANCIK;1.10;1.00;bolge1;1.06
BURSA;İNEGÖL;1.70;1.00;bolge1;1.06
BURSA;İZNİK;1.70;1.10;bolge1;1.06
BURSA;KARACABEY;1.70;1.10;bolge1;1.06
BURSA;KELES;1.00;1.00;bolge1;1.06
BURSA;KESTEL;1.70;1.20;bolge1;1.06
BURSA;MUDANYA;2.00;1.40;bolge1;1.06
BURSA;MUSTAFAKEMALPAŞA;2.00;1.10;bolge1;1.06
BURSA;NİLÜFER;2.50;1.50;bolge1;1.06
BURSA;ORHANELİ;1.20;1.10;bolge1;1.06
BURSA;ORHANGAZİ;2.00;1.10;bolge1;1.06
BURSA;OSMANGAZİ;2.50;1.50;bolge1;1.06
BURSA;YENİŞEHİR;1.70;0.90;bolge1;1.06
BURSA;YILDIRIM;2.50;1.50;bolge1;1.06
ÇANAKKALE;MERKEZ;2.00;0.90;bolge1;1.01
ÇANAKKALE;AYVACIK;1.70;0.80;bolge1;1.01
ÇANAKKALE;BAYRAMİÇ;1.20;0.80;bolge1;1.01
ÇANAKKALE;BİGA ;1.70;0.80;bolge1;1.01
ÇANAKKALE;BOZCAADA;1.70;0.80;bolge1;1.01
ÇANAKKALE;ÇAN;1.50;0.80;bolge1;1.01
ÇANAKKALE;ECEBAT;1.70;0.80;bolge1;1.01
ÇANAKKALE;EZİNE;1.40;0.80;bolge1;1.01
ÇANAKKALE;GELİBOLU;1.70;0.80;bolge1;1.01
ÇANAKKALE;GÖKÇEADA;1.70;0.80;bolge1;1.01
ÇANAKKALE;LAPSEKİ;1.70;0.80;bolge1;1.01
ÇANAKKALE;YENİCE;1.20;0.80;bolge1;1.01
ÇANKIRI;MERKEZ;1.40;1.20;bolge3;0.99
ÇANKIRI;ATKARACALAR;1.00;0.90;bolge3;0.99
ÇANKIRI;BAYRAMÖREN;1.00;0.90;bolge3;0.99
ÇANKIRI;ÇERKEŞ;1.10;0.90;bolge3;0.99
ÇANKIRI;ELDİVAN;1.00;0.90;bolge3;0.99
ÇANKIRI;ILGAZ;1.10;0.90;bolge3;0.99
ÇANKIRI;KIZILIRMAK;1.00;0.90;bolge3;0.99
ÇANKIRI;KORGUN;1.00;0.90;bolge3;0.99
ÇANKIRI;KURŞUNLU;1.00;0.90;bolge3;0.99
ÇANKIRI;ORTA;1.00;0.90;bolge3;0.99
ÇANKIRI;ŞABANÖZÜ;1.00;0.90;bolge3;0.99
ÇANKIRI;YAPRAKLI;1.00;0.90;bolge3;0.99
ÇORUM;MERKEZ;1.50;1.00;bolge3;1.00
ÇORUM;ALACA;1.20;1.00;bolge3;1.00
ÇORUM;BAYAT;1.00;0.70;bolge3;1.00
ÇORUM;BOĞAZKALE;1.00;0.70;bolge3;1.00
ÇORUM;DODURGA;1.00;0.80;bolge3;1.00
ÇORUM;İSKİLİP;1.20;0.80;bolge3;1.00
ÇORUM;KARGI;1.00;0.80;bolge3;1.00
ÇORUM;LAÇİN;1.00;0.70;bolge3;1.00
ÇORUM;MECİTÖZÜ;1.20;0.80;bolge3;1.00
ÇORUM;OĞUZLAR;1.00;0.70;bolge3;1.00
ÇORUM;ORTAKÖY;1.00;0.70;bolge3;1.00
ÇORUM;OSMANCIK;1.40;1.00;bolge3;1.00
ÇORUM;SUNGURLU;1.40;1.00;bolge3;1.00
ÇORUM;UĞURLUDAĞ;1.00;0.70;bolge3;1.00
DENİZLİ;ACIPAYAM;1.10;0.80;bolge1;1.06
DENİZLİ;BABADAĞ;1.10;0.80;bolge1;1.06
DENİZLİ;BAKLAN;1.00;0.80;bolge1;1.06
DENİZLİ;BEKİLLİ;1.10;0.80;bolge1;1.06
DENİZLİ;BEYAĞAÇ;1.20;0.80;bolge1;1.06
DENİZLİ;BOZKURT;1.00;0.80;bolge1;1.06
DENİZLİ;BULDAN;1.10;0.80;bolge1;1.06
DENİZLİ;ÇAL;1.20;0.80;bolge1;1.06
DENİZLİ;ÇAMELİ;1.10;0.80;bolge1;1.06
DENİZLİ;ÇARDAK;1.10;0.80;bolge1;1.06
DENİZLİ;ÇİVRİL;1.20;0.80;bolge1;1.06
DENİZLİ;GÜNEY;1.15;0.80;bolge1;1.06
DENİZLİ;HONAZ;1.10;1.00;bolge1;1.06
DENİZLİ;KALE;1.10;0.80;bolge1;1.06
DENİZLİ;MERKEZEFENDİ;2.00;1.20;bolge1;1.06
DENİZLİ;PAMUKKALE;1.00;1.20;bolge1;1.06
DENİZLİ;SARAYKÖY;1.20;1.00;bolge1;1.06
DENİZLİ;SERİNHİSAR;1.10;0.80;bolge1;1.06
DENİZLİ;TAVAS;1.50;0.80;bolge1;1.06
DİYARBAKIR;BAĞLAR;2.00;1.00;bolge3;0.97
DİYARBAKIR;BİSMİL;1.00;0.70;bolge3;0.97
DİYARBAKIR;ÇERMİK;0.90;0.70;bolge3;0.97
DİYARBAKIR;ÇINAR;1.00;0.70;bolge3;0.97
DİYARBAKIR;ÇÜNGÜŞ;0.90;0.70;bolge3;0.97
DİYARBAKIR;DİCLE;0.90;0.70;bolge3;0.97
DİYARBAKIR;EĞİL;0.90;0.70;bolge3;0.97
DİYARBAKIR;ERGANİ;1.20;0.70;bolge3;0.97
DİYARBAKIR;HANİ;0.90;0.70;bolge3;0.97
DİYARBAKIR;HAZRO;0.90;0.70;bolge3;0.97
DİYARBAKIR;KAYAPINAR;2.00;1.00;bolge3;0.97
DİYARBAKIR;KOCAKÖY;0.90;0.70;bolge3;0.97
DİYARBAKIR;KULP;0.90;0.70;bolge3;0.97
DİYARBAKIR;LİCE;0.90;0.70;bolge3;0.97
DİYARBAKIR;SİLVAN;1.00;0.70;bolge3;0.97
DİYARBAKIR;SUR;2.00;1.00;bolge3;0.97
DİYARBAKIR;YENİŞEHİR;2.00;1.00;bolge3;0.97
EDİRNE;MERKEZ;1.70;1.20;bolge3;1.02
EDİRNE;ENEZ;1.40;1.20;bolge3;1.02
EDİRNE;HAVSA;1.40;1.00;bolge3;1.02
EDİRNE;İPSALA;1.40;1.00;bolge3;1.02
EDİRNE;KEŞAN;1.40;1.20;bolge3;1.02
EDİRNE;LALAPAŞA;1.10;1.00;bolge3;1.02
EDİRNE;MERİÇ;1.40;1.00;bolge3;1.02
EDİRNE;SÜLOĞLU;1.40;1.00;bolge3;1.02
EDİRNE;UZUNKÖPRÜ;1.40;1.20;bolge3;1.02
ELAZIĞ;MERKEZ;1.20;0.60;bolge3;0.94
ELAZIĞ;AĞIN;0.90;0.60;bolge3;0.94
ELAZIĞ;ALACAKAYA;0.90;0.60;bolge3;0.94
ELAZIĞ;ARICAK;0.90;0.60;bolge3;0.94
ELAZIĞ;BASKİL;1.00;0.60;bolge3;0.94
ELAZIĞ;KARAKOÇAN;1.00;0.60;bolge3;0.94
ELAZIĞ;KEBAN;0.90;0.60;bolge3;0.94
ELAZIĞ;KOVANCILAR;1.00;0.60;bolge3;0.94
ELAZIĞ;MADEN;0.90;0.60;bolge3;0.94
ELAZIĞ;PALU;0.90;0.60;bolge3;0.94
ELAZIĞ;SİVRİCE;1.00;0.60;bolge3;0.94
ERZİNCAN;MERKEZ;1.40;0.80;bolge3;0.98
ERZİNCAN;ÇAYIRLI;0.90;0.70;bolge3;0.98
ERZİNCAN;İLİÇ;0.90;0.70;bolge3;0.98
ERZİNCAN;KEMAH;0.80;0.70;bolge3;0.98
ERZİNCAN;KEMALİYE;0.80;0.70;bolge3;0.98
ERZİNCAN;OTLUKBELİ;0.80;0.70;bolge3;0.98
ERZİNCAN;REFAHİYE;0.90;0.70;bolge3;0.98
ERZİNCAN;TERCAN;1.00;0.70;bolge3;0.98
ERZİNCAN;ÜZÜMLÜ;1.00;0.70;bolge3;0.98
ERZURUM;AŞKALE;1.00;0.90;bolge3;0.98
ERZURUM;AZİZİYE;1.10;1.00;bolge3;0.98
ERZURUM;ÇAT;0.90;0.90;bolge3;0.98
ERZURUM;HINIS;0.90;0.90;bolge3;0.98
ERZURUM;HORASAN;1.00;0.90;bolge3;0.98
ERZURUM;İSPİR;1.00;0.90;bolge3;0.98
ERZURUM;KARAÇOBAN;0.80;0.90;bolge3;0.98
ERZURUM;KARAYAZI;0.90;0.90;bolge3;0.98
ERZURUM;KÖPRÜKÖY;1.00;0.90;bolge3;0.98
ERZURUM;NARMAN;0.90;0.90;bolge3;0.98
ERZURUM;OLTU;1.00;0.90;bolge3;0.98
ERZURUM;OLUR;0.80;0.90;bolge3;0.98
ERZURUM;PALANDÖKEN;1.10;1.00;bolge3;0.98
ERZURUM;PASİNLER;1.00;0.90;bolge3;0.98
ERZURUM;PAZARYOLU;1.00;0.90;bolge3;0.98
ERZURUM;ŞENKAYA;0.80;0.90;bolge3;0.98
ERZURUM;TEKMAN;0.90;0.90;bolge3;0.98
ERZURUM;TORTUM;1.00;0.90;bolge3;0.98
ERZURUM;UZUNDERE;1.00;0.90;bolge3;0.98
ERZURUM;YAKUTİYE;1.40;1.00;bolge3;0.98
ESKİŞEHİR;ALPU;1.10;1.10;bolge1;1.06
ESKİŞEHİR;BEYLİKOVA;1.10;1.10;bolge1;1.06
ESKİŞEHİR;ÇİFTELER;1.20;1.10;bolge1;1.06
ESKİŞEHİR;GÜNYÜZÜ;1.10;1.10;bolge1;1.06
ESKİŞEHİR;HAN;1.00;1.10;bolge1;1.06
ESKİŞEHİR;İNÖNÜ;1.10;1.10;bolge1;1.06
ESKİŞEHİR;MAHMUDİYE;1.20;1.10;bolge1;1.06
ESKİŞEHİR;MİHALGAZİ;1.10;1.10;bolge1;1.06
ESKİŞEHİR;MİHALIÇCIK;1.10;1.10;bolge1;1.06
ESKİŞEHİR;ODUNPAZARI;2.00;1.10;bolge1;1.06
ESKİŞEHİR;SARICAKAYA;1.10;1.10;bolge1;1.06
ESKİŞEHİR;SEYİTGAZİ;1.10;1.10;bolge1;1.06
ESKİŞEHİR;SİVRİHİSAR;1.20;1.10;bolge1;1.06
ESKİŞEHİR;TEPEBAŞI;2.00;1.10;bolge1;1.06
GAZİANTEP;ARABAN;1.10;0.90;bolge3;0.95
GAZİANTEP;İSLAHİYE;1.70;0.90;bolge3;0.95
GAZİANTEP;KARKAMIŞ;1.40;0.80;bolge3;0.95
GAZİANTEP;NİZİP;1.70;1.00;bolge3;0.95
GAZİANTEP;NURDAĞI;1.40;0.90;bolge3;0.95
GAZİANTEP;OĞUZELİ;1.40;1.20;bolge3;0.95
GAZİANTEP;ŞAHİNBEY;2.00;1.20;bolge3;0.95
GAZİANTEP;ŞEHİTKAMİL;2.00;1.20;bolge3;0.95
GAZİANTEP;YAVUZELİ;1.10;0.90;bolge3;0.95
GİRESUN;MERKEZ;1.40;0.80;bolge3;1.05
GİRESUN;ALUCRA;0.90;0.50;bolge3;1.05
GİRESUN;BULANCAK;1.20;0.80;bolge3;1.05
GİRESUN;ÇAMOLUK;0.90;0.50;bolge3;1.05
GİRESUN;ÇANAKÇI;0.90;0.50;bolge3;1.05
GİRESUN;DERELİ;0.90;0.50;bolge3;1.05
GİRESUN;DOĞANKENT;0.90;0.50;bolge3;1.05
GİRESUN;ESPİYE;0.90;0.60;bolge3;1.05
GİRESUN;EYNESİL;1.20;0.50;bolge3;1.05
GİRESUN;GÖRELE;1.20;0.60;bolge3;1.05
GİRESUN;GÜCE;0.90;0.50;bolge3;1.05
GİRESUN;KEŞAP;1.20;0.60;bolge3;1.05
GİRESUN;PİRAZİZ;1.10;0.50;bolge3;1.05
GİRESUN;ŞEBİNKARAHİSAR;0.90;0.50;bolge3;1.05
GİRESUN;TİREBOLU;1.20;0.60;bolge3;1.05
GİRESUN;YAĞLIDERE;0.90;0.50;bolge3;1.05
GÜMÜŞHANE;MERKEZ;1.10;0.80;bolge3;1.05
GÜMÜŞHANE;KELKİT;1.00;0.60;bolge3;1.05
GÜMÜŞHANE;KÖSE;0.90;0.60;bolge3;1.05
GÜMÜŞHANE;KÜRTÜN;0.90;0.60;bolge3;1.05
GÜMÜŞHANE;ŞİRAN;0.90;0.60;bolge3;1.05
GÜMÜŞHANE;TORUL;0.90;0.60;bolge3;1.05
HAKKARİ;MERKEZ;1.10;0.70;bolge3;0.95
HAKKARİ;ÇUKURCA;0.90;0.70;bolge3;0.95
HAKKARİ;DERECİK;0.90;0.70;bolge3;0.95
HAKKARİ;ŞEMDİNLİ;0.90;0.70;bolge3;0.95
HAKKARİ;YÜKSEKOVA;0.90;0.70;bolge3;0.95
HATAY;ALTINÖZÜ;1.20;0.50;bolge3;0.93
HATAY;ANTAKYA;2.00;0.70;bolge3;0.93
HATAY;ARSUZ;2.00;0.90;bolge3;0.93
HATAY;BELEN;1.40;0.90;bolge3;0.93
HATAY;DEFNE;2.00;0.70;bolge3;0.93
HATAY;DÖRTYOL;1.70;0.60;bolge3;0.93
HATAY;ERZİN;1.50;0.60;bolge3;0.93
HATAY;HASSA;1.00;0.50;bolge3;0.93
HATAY;İSKENDERUN;1.70;0.90;bolge3;0.93
HATAY;KIRIKHAN;1.50;0.70;bolge3;0.93
HATAY;KUMLU;1.00;0.50;bolge3;0.93
HATAY;PAYAS;2.00;0.70;bolge3;0.93
HATAY;REYHANLI;1.40;0.50;bolge3;0.93
HATAY;SAMANDAĞI;1.40;0.50;bolge3;0.93
HATAY;YAYLADAĞI;1.00;0.50;bolge3;0.93
ISPARTA;MERKEZ;1.40;0.80;bolge3;1.06
ISPARTA;AKSU (ISPARTA);0.90;0.70;bolge3;1.06
ISPARTA;ATABEY;1.10;0.70;bolge3;1.06
ISPARTA;EĞİRDİR;1.20;0.70;bolge3;1.06
ISPARTA;GELENDOST;1.00;0.70;bolge3;1.06
ISPARTA;GÖNEN (ISPARTA);1.10;0.70;bolge3;1.06
ISPARTA;KEÇİBORLU;1.00;0.70;bolge3;1.06
ISPARTA;SENİRKENT;1.00;0.70;bolge3;1.06
ISPARTA;SÜTÇÜLER;0.90;0.70;bolge3;1.06
ISPARTA;ŞARKİKARAAĞAÇ;1.0;0.70;bolge3;1.06
ISPARTA;ULUBORLU;1.00;0.70;bolge3;1.06
ISPARTA;YALVAÇ;1.10;0.70;bolge3;1.06
ISPARTA;YENİŞARBADEMLİ;0.90;0.70;bolge3;1.06
MERSİN;AKDENİZ;2.00;1.00;bolge3;1.01
MERSİN;ANAMUR;1.70;0.90;bolge3;1.01
MERSİN;AYDINCIK;1.20;0.60;bolge3;1.01
MERSİN;BOZYAZI;1.20;0.90;bolge3;1.01
MERSİN;ÇAMLIYAYLA;1.00;0.80;bolge3;1.01
MERSİN;ERDEMLİ;1.70;0.80;bolge3;1.01
MERSİN;GÜLNAR;1.00;0.50;bolge3;1.01
MERSİN;MEZİTLİ;2.00;1.00;bolge3;1.01
MERSİN;MUT;1.00;0.70;bolge3;1.01
MERSİN;SİLİFKE;1.70;0.80;bolge3;1.01
MERSİN;TARSUS;1.70;0.90;bolge3;1.01
MERSİN;TOROSLAR;2.00;1.00;bolge3;1.01
MERSİN;YENİŞEHİR;2.00;1.00;bolge3;1.01
İSTANBUL;ADALAR;2.50;1.70;bolge1;1.13
İSTANBUL;ARNAVUTKÖY;2.50;1.70;bolge1;1.13
İSTANBUL;ATAŞEHİR;2.50;1.60;bolge1;1.13
İSTANBUL;AVCILAR;2.50;1.40;bolge1;1.13
İSTANBUL;BAĞCILAR;2.50;1.40;bolge1;1.13
İSTANBUL;BAHÇELİEVLER;2.50;1.40;bolge1;1.13
İSTANBUL;BAKIRKÖY;2.50;1.40;bolge1;1.13
İSTANBUL;BAŞAKŞEHİR;2.50;1.60;bolge1;1.13
İSTANBUL;BAYRAMPAŞA;2.50;1.40;bolge1;1.13
İSTANBUL;BEŞİKTAŞ;2.50;1.70;bolge1;1.13
İSTANBUL;BEYKOZ;2.50;1.70;bolge1;1.13
İSTANBUL;BEYLİKDÜZÜ;2.50;1.50;bolge1;1.13
İSTANBUL;BEYOĞLU;2.50;1.50;bolge1;1.13
İSTANBUL;BÜYÜKÇEKMECE;2.50;1.50;bolge1;1.13
İSTANBUL;ÇATALCA;2.50;1.50;bolge1;1.13
İSTANBUL;ÇEKMEKÖY;2.50;1.40;bolge1;1.13
İSTANBUL;ESENLER;2.50;1.40;bolge1;1.13
İSTANBUL;ESENYURT;2.50;1.60;bolge1;1.13
İSTANBUL;EYÜP;2.50;1.40;bolge1;1.13
İSTANBUL;FATİH;2.50;1.50;bolge1;1.13
İSTANBUL;GAZİOSMANPAŞA;2.50;1.40;bolge1;1.13
İSTANBUL;GÜNGÖREN;2.50;1.40;bolge1;1.13
İSTANBUL;KADIKÖY;2.50;1.90;bolge1;1.13
İSTANBUL;KAĞITHANE;2.50;1.40;bolge1;1.13
İSTANBUL;KARTAL;2.50;1.50;bolge1;1.13
İSTANBUL;KÜÇÜKÇEKMECE;2.50;1.40;bolge1;1.13
İSTANBUL;MALTEPE;2.50;1.60;bolge1;1.13
İSTANBUL;PENDİK;2.50;1.40;bolge1;1.13
İSTANBUL;SANCAKTEPE;2.50;1.40;bolge1;1.13
İSTANBUL;SARIYER;2.50;1.50;bolge1;1.13
İSTANBUL;SİLİVRİ;2.50;1.30;bolge1;1.13
İSTANBUL;SULTANBEYLİ;2.50;1.40;bolge1;1.13
İSTANBUL;SULTANGAZİ;2.50;1.40;bolge1;1.13
İSTANBUL;ŞİLE;2.50;1.40;bolge1;1.13
İSTANBUL;ŞİŞLİ;2.50;1.70;bolge1;1.13
İSTANBUL;TUZLA;2.50;1.60;bolge1;1.13
İSTANBUL;ÜMRANİYE;2.50;1.50;bolge1;1.13
İSTANBUL;ÜSKÜDAR;2.50;1.80;bolge1;1.13
İSTANBUL;ZEYTİNBURNU;2.50;1.40;bolge1;1.13
İZMİR;ALİAĞA;2.00;1.10;bolge1;1.07
İZMİR;BALÇOVA;2.50;1.20;bolge1;1.07
İZMİR;BAYINDIR;1.40;1.00;bolge1;1.07
İZMİR;BAYRAKLI;2.50;1.20;bolge1;1.07
İZMİR;BERGAMA;2.00;1.00;bolge1;1.07
İZMİR;BEYDAĞ;1.40;0.70;bolge1;1.07
İZMİR;BORNOVA;2.50;1.20;bolge1;1.07
İZMİR;BUCA;2.50;1.20;bolge1;1.07
İZMİR;ÇEŞME;2.00;1.40;bolge1;1.07
İZMİR;ÇİĞLİ;2.50;1.20;bolge1;1.07
İZMİR;DİKİLİ;2.00;1.10;bolge1;1.07
İZMİR;FOÇA;1.40;1.10;bolge1;1.07
İZMİR;GAZİEMİR;2.50;1.20;bolge1;1.07
İZMİR;GÜZELBAHÇE;2.50;1.20;bolge1;1.07
İZMİR;KARABAĞLAR;2.50;1.20;bolge1;1.07
İZMİR;KARABURUN;1.40;1.00;bolge1;1.07
İZMİR;KARŞIYAKA;2.50;1.20;bolge1;1.07
İZMİR;KEMALPAŞA;2.00;1.10;bolge1;1.07
İZMİR;KINIK;1.40;0.80;bolge1;1.07
İZMİR;KİRAZ;1.40;0.70;bolge1;1.07
İZMİR;KONAK;2.50;1.20;bolge1;1.07
İZMİR;MENDERES;2.00;1.10;bolge1;1.07
İZMİR;MENEMEN;1.40;1.10;bolge1;1.07
İZMİR;NARLIDERE;2.50;1.20;bolge1;1.07
İZMİR;ÖDEMİŞ;1.40;1.00;bolge1;1.07
İZMİR;SEFERİHİSAR;2.00;1.20;bolge1;1.07
İZMİR;SELÇUK;2.00;1.00;bolge1;1.07
İZMİR;TİRE;1.40;1.00;bolge1;1.07
İZMİR;TORBALI;1.40;1.00;bolge1;1.07
İZMİR;URLA;2.00;1.10;bolge1;1.07
KARS;MERKEZ;1.00;0.50;bolge3;0.92
KARS;AKYAKA;1.00;0.50;bolge3;0.92
KARS;ARPAÇAY;1.00;0.50;bolge3;0.92
KARS;DİGOR;0.90;0.50;bolge3;0.92
KARS;KAĞIZMAN;1.00;0.50;bolge3;0.92
KARS;SARIKAMIŞ;1.00;0.50;bolge3;0.92
KARS;SELİM;1.00;0.50;bolge3;0.92
KARS;SUSUZ;1.00;0.50;bolge3;0.92
KASTAMONU;MERKEZ;1.50;1.00;bolge3;0.99
KASTAMONU;ABANA;1.40;1.00;bolge3;0.99
KASTAMONU;AĞLI;1.00;1.00;bolge3;0.99
KASTAMONU;ARAÇ;1.10;1.00;bolge3;0.99
KASTAMONU;AZDAVAY;1.00;1.00;bolge3;0.99
KASTAMONU;BOZKURT;1.40;1.00;bolge3;0.99
KASTAMONU;CİDE;1.50;1.00;bolge3;0.99
KASTAMONU;ÇATALZEYTİN;1.40;1.00;bolge3;0.99
KASTAMONU;DADAY;1.10;1.00;bolge3;0.99
KASTAMONU;DEVREKANİ;1.10;1.00;bolge3;0.99
KASTAMONU;DOĞANYURT;1.00;1.00;bolge3;0.99
KASTAMONU;HANÖNÜ;1.10;1.00;bolge3;0.99
KASTAMONU;İHSANGAZİ;1.10;1.00;bolge3;0.99
KASTAMONU;İNEBOLU;1.50;1.00;bolge3;0.99
KASTAMONU;KÜRE;1.00;1.00;bolge3;0.99
KASTAMONU;PINARBAŞI;1.00;1.00;bolge3;0.99
KASTAMONU;SEYDİLER;1.10;1.00;bolge3;0.99
KASTAMONU;ŞENPAZAR;1.00;1.00;bolge3;0.99
KASTAMONU;TAŞKÖPRÜ;1.50;1.00;bolge3;0.99
KASTAMONU;TOSYA;1.50;1.00;bolge3;0.99
KAYSERİ;AKKIŞLA;1.00;1.00;bolge3;0.97
KAYSERİ;BÜNYAN;1.20;1.40;bolge3;0.97
KAYSERİ;DEVELİ;1.20;1.20;bolge3;0.97
KAYSERİ;FELAHİYE;1.00;1.00;bolge3;0.97
KAYSERİ;HACILAR;1.80;1.70;bolge3;0.97
KAYSERİ;İNCESU;1.10;1.40;bolge3;0.97
KAYSERİ;KOCASİNAN;2.00;1.70;bolge3;0.97
KAYSERİ;MELİKGAZİ;2.00;1.70;bolge3;0.97
KAYSERİ;ÖZVATAN;1.00;1.00;bolge3;0.97
KAYSERİ;PINARBAŞI;1.10;1.00;bolge3;0.97
KAYSERİ;SARIOĞLAN;1.00;1.00;bolge3;0.97
KAYSERİ;SARIZ;1.00;1.00;bolge3;0.97
KAYSERİ;TALAS;2.00;1.70;bolge3;0.97
KAYSERİ;TOMARZA;1.00;1.00;bolge3;0.97
KAYSERİ;YAHYALI;1.10;1.20;bolge3;0.97
KAYSERİ;YEŞİLHİSAR;1.10;1.20;bolge3;0.97
KIRKLARELİ;MERKEZ;1.70;1.00;bolge3;1.02
KIRKLARELİ;BABAESKİ;1.40;1.00;bolge3;1.02
KIRKLARELİ;DEMİRKÖY;1.10;1.00;bolge3;1.02
KIRKLARELİ;KOFÇAZ;1.40;1.00;bolge3;1.02
KIRKLARELİ;LÜLEBURGAZ;1.40;1.00;bolge3;1.02
KIRKLARELİ;PEHLİVANKÖY;1.10;1.00;bolge3;1.02
KIRKLARELİ;PINARHİSAR;1.20;1.00;bolge3;1.02
KIRKLARELİ;VİZE;1.10;1.00;bolge3;1.02
KIRŞEHİR;MERKEZ;1.20;1.10;bolge2;0.97
KIRŞEHİR;AKÇAKENT;1.00;0.80;bolge2;0.97
KIRŞEHİR;AKPINAR;1.00;0.80;bolge2;0.97
KIRŞEHİR;BOZTEPE;1.00;0.80;bolge2;0.97
KIRŞEHİR;ÇİÇEKDAĞI;1.00;0.90;bolge2;0.97
KIRŞEHİR;KAMAN;1.20;1.00;bolge2;0.97
KIRŞEHİR;MUCUR;1.20;0.90;bolge2;0.97
KOCAELİ;BAŞİSKELE;2.00;1.30;bolge3;1.03
KOCAELİ;ÇAYIROVA;1.70;1.30;bolge3;1.03
KOCAELİ;DARICA;1.70;1.30;bolge3;1.03
KOCAELİ;DERİNCE;1.40;1.30;bolge3;1.03
KOCAELİ;DİLOVASI;1.70;1.30;bolge3;1.03
KOCAELİ;GEBZE;1.70;1.30;bolge3;1.03
KOCAELİ;GÖLCÜK;1.70;1.30;bolge3;1.03
KOCAELİ;İZMİT;2.00;1.30;bolge3;1.03
KOCAELİ;KANDIRA;1.40;1.10;bolge3;1.03
KOCAELİ;KARAMÜRSEL;1.70;1.30;bolge3;1.03
KOCAELİ;KARTEPE;2.00;1.30;bolge3;1.03
KOCAELİ;KÖRFEZ;1.70;1.30;bolge3;1.03
KONYA;AHIRLI;1.10;0.60;bolge3;0.97
KONYA;AKÖREN;1.10;0.60;bolge3;0.97
KONYA;AKŞEHİR;1.40;1.00;bolge3;0.97
KONYA;ALTINEKİN;1.20;0.60;bolge3;0.97
KONYA;BEYŞEHİR;1.20;0.80;bolge3;0.97
KONYA;BOZKIR;1.10;0.60;bolge3;0.97
KONYA;CİHANBEYLİ;1.20;0.60;bolge3;0.97
KONYA;ÇELTİK;1.10;0.60;bolge3;0.97
KONYA;ÇUMRA;1.20;0.60;bolge3;0.97
KONYA;DERBENT;1.10;0.60;bolge3;0.97
KONYA;DEREBUCAK;1.10;0.60;bolge3;0.97
KONYA;DOĞANHİSAR;1.10;0.60;bolge3;0.97
KONYA;EMİRGAZİ;1.10;0.60;bolge3;0.97
KONYA;EREĞLİ(KONYA);1.40;0.80;bolge3;0.97
KONYA;GÜNEYSINIR;1.10;0.60;bolge3;0.97
KONYA;HADIM;1.10;0.60;bolge3;0.97
KONYA;HALKPINAR;1.10;0.60;bolge3;0.97
KONYA;HÜYÜK;1.10;0.60;bolge3;0.97
KONYA;ILGIN;1.20;0.60;bolge3;0.97
KONYA;KADINHANI;1.20;0.60;bolge3;0.97
KONYA;KARAPINAR;1.20;0.60;bolge3;0.97
KONYA;KARATAY;2.00;1.00;bolge3;0.97
KONYA;KULU;1.10;0.60;bolge3;0.97
KONYA;MERAM;2.00;1.00;bolge3;0.97
KONYA;SARAYÖNÜ;1.10;0.60;bolge3;0.97
KONYA;SELÇUKLU;2.00;1.00;bolge3;0.97
KONYA;SEYDİŞEHİR;1.50;0.80;bolge3;0.97
KONYA;TAŞKENT;1.10;0.60;bolge3;0.97
KONYA;TUZLUKÇU;1.10;0.60;bolge3;0.97
KONYA;YALIHÜYÜK;1.00;0.60;bolge3;0.97
KONYA;YUNAK;1.10;0.60;bolge3;0.97
KÜTAHYA;MERKEZ;1.40;1.00;bolge3;0.99
KÜTAHYA;ALTINTAŞ;1.20;0.50;bolge3;0.99
KÜTAHYA;ASLANAPA;1.10;0.50;bolge3;0.99
KÜTAHYA;ÇAVDARHİSAR;1.10;0.80;bolge3;0.99
KÜTAHYA;DOMANİÇ;1.10;0.80;bolge3;0.99
KÜTAHYA;DUMLUPINAR;1.10;0.50;bolge3;0.99
KÜTAHYA;EMET;1.20;0.80;bolge3;0.99
KÜTAHYA;GEDİZ;1.20;0.80;bolge3;0.99
KÜTAHYA;HİSARCIK;1.20;0.80;bolge3;0.99
KÜTAHYA;PAZARLAR;1.00;0.70;bolge3;0.99
KÜTAHYA;SİMAV;1.20;0.80;bolge3;0.99
KÜTAHYA;ŞAPHANE;1.10;0.70;bolge3;0.99
KÜTAHYA;TAVŞANLI;1.20;0.80;bolge3;0.99
MALATYA;AKÇADAĞ;1.10;1.10;bolge3;0.94
MALATYA;ARAPGİR;1.10;1.10;bolge3;0.94
MALATYA;ARGUVAN;1.10;1.10;bolge3;0.94
MALATYA;BATTALGAZİ;1.40;1.30;bolge3;0.94
MALATYA;DARENDE;1.10;1.10;bolge3;0.94
MALATYA;DOĞANŞEHİR;1.10;1.10;bolge3;0.94
MALATYA;DOĞANYOL;0.90;1.10;bolge3;0.94
MALATYA;HEKİMHAN;1.10;1.10;bolge3;0.94
MALATYA;KALE;0.90;1.10;bolge3;0.94
MALATYA;KULUNCAK;0.90;1.10;bolge3;0.94
MALATYA;PÖTÜRGE;0.90;1.10;bolge3;0.94
MALATYA;YAZIHAN;0.90;1.10;bolge3;0.94
MALATYA;YEŞİLYURT;1.40;1.30;bolge3;0.94
MANİSA;AHMETLİ;1.40;0.60;bolge1;0.99
MANİSA;AKHİSAR;1.40;1.00;bolge1;0.99
MANİSA;ALAŞEHİR;1.40;0.80;bolge1;0.99
MANİSA;DEMİRCİ;1.40;0.60;bolge1;0.99
MANİSA;GÖLMARMARA;1.30;0.80;bolge1;0.99
MANİSA;GÖRDES;1.00;0.60;bolge1;0.99
MANİSA;KIRKAĞAÇ;1.00;0.90;bolge1;0.99
MANİSA;KÖPRÜBAŞI;1.00;0.60;bolge1;0.99
MANİSA;KULA;1.00;0.60;bolge1;0.99
MANİSA;SALİHLİ;1.40;0.80;bolge1;0.99
MANİSA;SARIGÖL;1.40;0.60;bolge1;0.99
MANİSA;SARUHANLI;1.40;0.70;bolge1;0.99
MANİSA;SELENDİ;1.00;0.60;bolge1;0.99
MANİSA;SOMA;1.40;1.00;bolge1;0.99
MANİSA;ŞEHZADELER;2.00;1.00;bolge1;0.99
MANİSA;TURGUTLU;1.40;0.80;bolge1;0.99
MANİSA;YUNUSEMRE;2.00;1.00;bolge1;0.99
KAHRAMANMARAŞ;AFŞİN;1.70;1.10;bolge3;0.93
KAHRAMANMARAŞ;ANDIRIN;1.10;1.10;bolge3;0.93
KAHRAMANMARAŞ;ÇAĞLIYANCERİT;1.10;1.10;bolge3;0.93
KAHRAMANMARAŞ;DULKADİROĞLU;2.00;1.10;bolge3;0.93
KAHRAMANMARAŞ;EKİNÖZÜ;1.10;1.10;bolge3;0.93
KAHRAMANMARAŞ;ELBİSTAN;1.70;1.10;bolge3;0.93
KAHRAMANMARAŞ;GÖKSUN;1.40;1.10;bolge3;0.93
KAHRAMANMARAŞ;NURHAK;1.10;1.10;bolge3;0.93
KAHRAMANMARAŞ;ONİKİŞUBAT;2.00;1.10;bolge3;0.93
KAHRAMANMARAŞ;PAZARCIK;1.20;1.10;bolge3;0.93
KAHRAMANMARAŞ;TÜRKOĞLU;1.70;1.10;bolge3;0.93
MARDİN;ARTUKLU;1.10;0.90;bolge3;0.94
MARDİN;DARGEÇİT;0.90;0.70;bolge3;0.94
MARDİN;DERİK;1.00;0.70;bolge3;0.94
MARDİN;KIZILTEPE;1.00;0.90;bolge3;0.94
MARDİN;MAZIDAĞI;0.90;0.70;bolge3;0.94
MARDİN;MİDYAT;0.90;0.90;bolge3;0.94
MARDİN;NUSAYBİN;1.00;0.70;bolge3;0.94
MARDİN;ÖMERLİ;0.90;0.70;bolge3;0.94
MARDİN;SAVUR;0.90;0.70;bolge3;0.94
MARDİN;YEŞİLLİ;0.90;0.70;bolge3;0.94
MUĞLA;BODRUM;2.50;1.70;bolge1;1.06
MUĞLA;DALAMAN;2.00;1.00;bolge1;1.06
MUĞLA;DATÇA;1.70;1.40;bolge1;1.06
MUĞLA;FETHİYE;2.00;1.20;bolge1;1.06
MUĞLA;KAVAKLIDERE;1.20;1.00;bolge1;1.06
MUĞLA;KÖYCEĞİZ;1.70;1.20;bolge1;1.06
MUĞLA;MARMARİS;2.50;1.50;bolge1;1.06
MUĞLA;MENTEŞE;2.00;1.40;bolge1;1.06
MUĞLA;MİLAS;1.70;1.40;bolge1;1.06
MUĞLA;ORTACA;1.40;1.00;bolge1;1.06
MUĞLA;SEYDİKEMER;2.00;1.20;bolge1;1.06
MUĞLA;ULA;1.40;1.20;bolge1;1.06
MUĞLA;YATAĞAN;1.20;1.20;bolge1;1.06
MUŞ;MERKEZ;1.10;1.00;bolge3;0.95
MUŞ;BULANIK;0.90;1.00;bolge3;0.95
MUŞ;HASKÖY;0.90;1.00;bolge3;0.95
MUŞ;KORKUT;0.90;1.00;bolge3;0.95
MUŞ;MALAZGİRT;0.90;1.00;bolge3;0.95
MUŞ;VARTO;0.90;1.00;bolge3;0.95
NEVŞEHİR;MERKEZ;1.40;1.20;bolge3;0.97
NEVŞEHİR;ACIGÖL;1.10;0.90;bolge3;0.97
NEVŞEHİR;AVANOS;1.40;1.10;bolge3;0.97
NEVŞEHİR;DERİNKUYU;1.10;0.90;bolge3;0.97
NEVŞEHİR;GÜLŞEHİR;1.20;0.90;bolge3;0.97
NEVŞEHİR;HACIBEKTAŞ;1.10;0.90;bolge3;0.97
NEVŞEHİR;KOZAKLI;1.10;0.90;bolge3;0.97
NEVŞEHİR;ÜRGÜP;2.00;1.10;bolge3;0.97
NİĞDE;MERKEZ;1.40;1.30;bolge3;0.97
NİĞDE;ALTUNHİSAR;1.10;1.00;bolge3;0.97
NİĞDE;BOR;1.40;1.20;bolge3;0.97
NİĞDE;ÇAMARDI;1.10;1.00;bolge3;0.97
NİĞDE;ÇİFTLİK;1.10;1.00;bolge3;0.97
NİĞDE;ULUKIŞLA;1.10;1.00;bolge3;0.97
ORDU;AKKUŞ;1.00;0.60;bolge3;1.05
ORDU;ALTINORDU;1.70;0.80;bolge3;1.05
ORDU;AYBASTI;1.00;0.60;bolge3;1.05
ORDU;ÇAMAŞ;1.00;0.60;bolge3;1.05
ORDU;ÇATALPINAR;1.00;0.60;bolge3;1.05
ORDU;ÇAYBAŞI;1.00;0.60;bolge3;1.05
ORDU;FATSA;1.70;0.60;bolge3;1.05
ORDU;GÖLKÖY;1.00;0.60;bolge3;1.05
ORDU;GÜLYALI;1.40;0.80;bolge3;1.05
ORDU;GÜRGENTEPE;1.00;0.60;bolge3;1.05
ORDU;İKİZCE;1.00;0.60;bolge3;1.05
ORDU;KABATAŞ;1.00;0.60;bolge3;1.05
ORDU;KARADÜZ;1.00;0.60;bolge3;1.05
ORDU;KORGAN;1.00;0.60;bolge3;1.05
ORDU;KUMRU;1.00;0.60;bolge3;1.05
ORDU;MESUDİYE;1.00;0.60;bolge3;1.05
ORDU;PERŞEMBE;1.70;0.70;bolge3;1.05
ORDU;ULUBEY(ORDU);1.00;0.60;bolge3;1.05
ORDU;ÜNYE;1.70;0.90;bolge3;1.05
RİZE;MERKEZ;1.20;0.90;bolge2;1.05
RİZE;ARDEŞEN;1.20;0.70;bolge2;1.05
RİZE;ÇAMLIHEMŞİN;0.80;0.70;bolge2;1.05
RİZE;ÇAYELİ;1.10;0.70;bolge2;1.05
RİZE;DEREPAZARI;1.00;0.70;bolge2;1.05
RİZE;FINDIKLI;1.10;0.70;bolge2;1.05
RİZE;GÜNEYSU;0.90;0.70;bolge2;1.05
RİZE;HEMŞİN;0.80;0.70;bolge2;1.05
RİZE;İKİZDERE;0.80;0.70;bolge2;1.05
RİZE;İYİDERE;1.00;0.70;bolge2;1.05
RİZE;KALKANDERE;0.90;0.70;bolge2;1.05
RİZE;PAZAR;1.10;0.70;bolge2;1.05
SAKARYA;ADAPAZARI;2.00;1.30;bolge3;1.03
SAKARYA;AKYAZI;1.70;1.30;bolge3;1.03
SAKARYA;ARİFİYE;1.70;1.30;bolge3;1.03
SAKARYA;ERENLER;1.70;1.30;bolge3;1.03
SAKARYA;FERİZLİ;1.50;1.30;bolge3;1.03
SAKARYA;GEYVE;1.70;1.30;bolge3;1.03
SAKARYA;HENDEK;1.70;1.30;bolge3;1.03
SAKARYA;KARAPÜRÇEK;1.00;1.30;bolge3;1.03
SAKARYA;KARASU;1.70;1.30;bolge3;1.03
SAKARYA;KAYNARCA;1.50;1.30;bolge3;1.03
SAKARYA;KOCAALİ;1.50;1.30;bolge3;1.03
SAKARYA;PAMUKOVA;1.70;1.30;bolge3;1.03
SAKARYA;SAPANCA;1.70;1.30;bolge3;1.03
SAKARYA;SERDİVAN;1.70;1.30;bolge3;1.03
SAKARYA;SÖĞÜTLÜ;1.50;1.30;bolge3;1.03
SAKARYA;TARAKLI;1.00;1.30;bolge3;1.03
SAMSUN;ALAÇAM;1.40;0.70;bolge3;1.00
SAMSUN;ASARCIK;1.00;0.70;bolge3;1.00
SAMSUN;ATAKUM;2.00;1.00;bolge3;1.00
SAMSUN;AYVACIK;1.00;0.80;bolge3;1.00
SAMSUN;BAFRA;1.70;0.80;bolge3;1.00
SAMSUN;CANİK;2.00;1.00;bolge3;1.00
SAMSUN;ÇARŞAMBA;1.70;0.70;bolge3;1.00
SAMSUN;HAVZA;1.10;0.70;bolge3;1.00
SAMSUN;İLKADIM;2.00;1.00;bolge3;1.00
SAMSUN;KAVAK;1.10;0.70;bolge3;1.00
SAMSUN;LADİK;1.00;0.70;bolge3;1.00
SAMSUN;ONDOKUZ MAYIS;1.70;1.00;bolge3;1.00
SAMSUN;SALIPAZARI;1.00;0.80;bolge3;1.00
SAMSUN;TEKKEKÖY;1.70;1.00;bolge3;1.00
SAMSUN;TERME;1.70;0.80;bolge3;1.00
SAMSUN;VEZİRKÖPRÜ;1.00;0.70;bolge3;1.00
SAMSUN;YAKAKENT;1.40;0.70;bolge3;1.00
SİİRT;MERKEZ;1.50;0.60;bolge3;0.94
SİİRT;AYDINLAR(TİLLO);0.90;0.50;bolge3;0.94
SİİRT;BAYKAN;0.90;0.50;bolge3;0.94
SİİRT;ERUH;0.90;0.50;bolge3;0.94
SİİRT;KURTALAN;1.00;0.50;bolge3;0.94
SİİRT;PERVARİ;0.90;0.50;bolge3;0.94
SİİRT;ŞİRVAN;0.90;0.50;bolge3;0.94
SİNOP;MERKEZ;1.20;0.80;bolge3;0.99
SİNOP;AYANCIK;1.10;0.80;bolge3;0.99
SİNOP;BOYABAT;1.20;0.80;bolge3;0.99
SİNOP;DİKMEN;1.00;0.80;bolge3;0.99
SİNOP;DURAĞAN;1.00;0.80;bolge3;0.99
SİNOP;ERFELEK;1.10;0.80;bolge3;0.99
SİNOP;GERZE;1.20;0.80;bolge3;0.99
SİNOP;SARAYDÜZÜ;1.00;0.80;bolge3;0.99
SİNOP;TÜRKELİ;1.00;0.80;bolge3;0.99
SİVAS;MERKEZ;1.0;1.10;bolge3;0.97
SİVAS;AKINCILAR;0.90;0.80;bolge3;0.97
SİVAS;ALTINYAYLA;0.90;0.80;bolge3;0.97
SİVAS;DİVRİĞİ;1.00;0.80;bolge3;0.97
SİVAS;DOĞANŞAR;0.90;0.80;bolge3;0.97
SİVAS;GEMEREK;1.00;0.80;bolge3;0.97
SİVAS;GÖLOVA;0.90;0.80;bolge3;0.97
SİVAS;GÜRÜN;1.00;0.80;bolge3;0.97
SİVAS;HAFİK;0.90;0.80;bolge3;0.97
SİVAS;İMRANLI;0.90;0.80;bolge3;0.97
SİVAS;KANGAL;0.90;0.80;bolge3;0.97
SİVAS;KOYULHİSAR;0.90;0.80;bolge3;0.97
SİVAS;SUŞEHRİ;1.00;0.80;bolge3;0.97
SİVAS;ŞARKIŞLA;1.20;0.80;bolge3;0.97
SİVAS;ULAŞ;0.90;0.80;bolge3;0.97
SİVAS;YILDIZELİ;0.90;0.80;bolge3;0.97
SİVAS;ZARA;1.00;0.80;bolge3;0.97
TEKİRDAĞ;ÇERKEZKÖY;1.70;1.00;bolge3;1.02
TEKİRDAĞ;ÇORLU;1.70;1.20;bolge3;1.02
TEKİRDAĞ;ERGENE;1.70;1.20;bolge3;1.02
TEKİRDAĞ;HAYRABOLU;1.20;1.00;bolge3;1.02
TEKİRDAĞ;KAPAKLI;1.70;1.00;bolge3;1.02
TEKİRDAĞ;MALKARA;1.20;1.00;bolge3;1.02
TEKİRDAĞ;MARMARA EREĞLİSİ;1.70;1.20;bolge3;1.02
TEKİRDAĞ;MURATLI;1.20;1.00;bolge3;1.02
TEKİRDAĞ;SARAY;1.20;1.00;bolge3;1.02
TEKİRDAĞ;SÜLEYMANPAŞA;1.70;1.20;bolge3;1.02
TEKİRDAĞ;ŞARKÖY;1.70;1.00;bolge3;1.02
TOKAT;MERKEZ;1.40;1.00;bolge3;1.00
TOKAT;ALMUS;1.10;0.80;bolge3;1.00
TOKAT;ARTOVA;1.00;0.80;bolge3;1.00
TOKAT;BAŞÇİFTLİK;1.00;0.80;bolge3;1.00
TOKAT;ERBAA;1.40;1.00;bolge3;1.00
TOKAT;NİKSAR;1.20;1.00;bolge3;1.00
TOKAT;PAZAR (TOKAT);1.40;0.80;bolge3;1.00
TOKAT;REŞADİYE;1.00;0.80;bolge3;1.00
TOKAT;SULUSARAY;1.00;0.80;bolge3;1.00
TOKAT;TURHAL;1.40;1.00;bolge3;1.00
TOKAT;YEŞİLYURT (TOKAT);1.00;0.80;bolge3;1.00
TOKAT;ZİLE;1.40;1.00;bolge3;1.00
TRABZON;AKÇAABAT;1.40;1.10;bolge3;1.05
TRABZON;ARAKLI;1.20;0.90;bolge3;1.05
TRABZON;ARSİN;1.20;0.90;bolge3;1.05
TRABZON;BEŞİKDÜZÜ;1.20;0.90;bolge3;1.05
TRABZON;ÇARŞIBAŞI;1.20;0.90;bolge3;1.05
TRABZON;ÇAYKARA;1.00;0.80;bolge3;1.05
TRABZON;DERNEKPAZARI;0.90;0.80;bolge3;1.05
TRABZON;DÜZKÖY;0.90;0.80;bolge3;1.05
TRABZON;HAYRAT;0.90;0.80;bolge3;1.05
TRABZON;KÖPRÜBAŞI;0.90;0.80;bolge3;1.05
TRABZON;MAÇKA;1.00;0.80;bolge3;1.05
TRABZON;OF;1.20;0.90;bolge3;1.05
TRABZON;ORTAHİSAR;2.00;1.20;bolge3;1.05
TRABZON;SÜRMENE;1.20;0.90;bolge3;1.05
TRABZON;ŞALPAZARI;1.00;0.80;bolge3;1.05
TRABZON;TONYA;1.00;0.80;bolge3;1.05
TRABZON;VAKFIKEBİR;1.20;0.90;bolge3;1.05
TRABZON;YOMRA;1.20;1.00;bolge3;1.05
TUNCELİ;MERKEZ;1.10;1.00;bolge3;0.94
TUNCELİ;ÇEMİŞKEZEK;0.90;0.80;bolge3;0.94
TUNCELİ;HOZAT;0.90;0.80;bolge3;0.94
TUNCELİ;MAZGİRT;0.90;0.80;bolge3;0.94
TUNCELİ;NAZİMİYE;0.90;0.80;bolge3;0.94
TUNCELİ;OVACIK;0.90;0.80;bolge3;0.94
TUNCELİ;PERTEK;0.90;0.80;bolge3;0.94
TUNCELİ;PÜLÜMÜR;0.90;0.80;bolge3;0.94
ŞANLIURFA;AKÇAKALE;1.40;0.80;bolge3;0.97
ŞANLIURFA;BİRECİK;1.40;0.80;bolge3;0.97
ŞANLIURFA;BOZOVA;1.40;0.80;bolge3;0.97
ŞANLIURFA;CEYLANPINAR;1.20;0.80;bolge3;0.97
ŞANLIURFA;EYYUBİYE;2.00;1.00;bolge3;0.97
ŞANLIURFA;HALFETİ;1.40;0.80;bolge3;0.97
ŞANLIURFA;HALİLİYE;2.00;1.00;bolge3;0.97
ŞANLIURFA;HARRAN;1.40;0.80;bolge3;0.97
ŞANLIURFA;HİLVAN;1.40;0.80;bolge3;0.97
ŞANLIURFA;KARAKÖPRÜ;2.00;1.00;bolge3;0.97
ŞANLIURFA;SİVEREK;1.50;0.80;bolge3;0.97
ŞANLIURFA;SURUÇ;1.40;0.80;bolge3;0.97
ŞANLIURFA;VİRANŞEHİR;1.50;0.80;bolge3;0.97
UŞAK;MERKEZ;1.40;1.00;bolge1;0.99
UŞAK;BANAZ;1.10;0.80;bolge1;0.99
UŞAK;EŞME;1.10;0.80;bolge1;0.99
UŞAK;KARAHANLI;1.10;0.80;bolge1;0.99
UŞAK;SİVASLI;1.10;0.80;bolge1;0.99
UŞAK;ULUBEY (UŞAK);1.10;0.80;bolge1;0.99
VAN;BAHÇESARAY;0.90;1.10;bolge3;0.95
VAN;BAŞKALE;1.00;1.10;bolge3;0.95
VAN;ÇALDIRAN;0.90;1.10;bolge3;0.95
VAN;ÇATAK;0.90;1.10;bolge3;0.95
VAN;EDREMİT;1.40;1.20;bolge3;0.95
VAN;ERCİŞ;1.00;0.90;bolge3;0.95
VAN;GEVAŞ;0.90;1.10;bolge3;0.95
VAN;GÜRPINAR;0.90;1.10;bolge3;0.95
VAN;İPEKYOLU;1.40;1.20;bolge3;0.95
VAN;MURADİYE;0.90;1.10;bolge3;0.95
VAN;ÖZALP;0.90;1.10;bolge3;0.95
VAN;SARAY;0.90;1.10;bolge3;0.95
VAN;TUŞBA;1.40;1.20;bolge3;0.95
YOZGAT;MERKEZ;1.50;0.70;bolge3;0.97
YOZGAT;AKDAĞMADENİ;1.20;0.70;bolge3;0.97
YOZGAT;AYDINCIK(YOZGAT);1.00;0.70;bolge3;0.97
YOZGAT;BOĞAZLIYAN;1.20;0.70;bolge3;0.97
YOZGAT;ÇANDIR;1.00;0.70;bolge3;0.97
YOZGAT;ÇAYIRALAN;1.00;0.70;bolge3;0.97
YOZGAT;ÇEKEREK;1.00;0.70;bolge3;0.97
YOZGAT;KADIŞEHRİ;1.00;0.70;bolge3;0.97
YOZGAT;SARAYKENT;1.00;0.70;bolge3;0.97
YOZGAT;SARIKAYA;1.20;0.70;bolge3;0.97
YOZGAT;SORGUN;1.40;0.70;bolge3;0.97
YOZGAT;ŞEFAATLİ;1.00;0.70;bolge3;0.97
YOZGAT;YENİFAKILI;1.00;0.70;bolge3;0.97
YOZGAT;YERKÖY;1.40;0.70;bolge3;0.97
ZONGULDAK;MERKEZ;1.50;1.10;bolge3;1.01
ZONGULDAK;ALAPLI;1.10;0.90;bolge3;1.01
ZONGULDAK;ÇAYCUMA;1.50;1.00;bolge3;1.01
ZONGULDAK;DEVREK;1.50;0.70;bolge3;1.01
ZONGULDAK;EREĞLİ;1.70;1.00;bolge3;1.01
ZONGULDAK;GÖKÇEBEY;1.20;0.60;bolge3;1.01
ZONGULDAK;KİLİMLİ;1.50;1.00;bolge3;1.01
ZONGULDAK;KOZLU;1.50;1.00;bolge3;1.01
AKSARAY;MERKEZ;1.40;0.90;bolge3;0.97
AKSARAY;AĞAÇÖREN;1.10;0.50;bolge3;0.97
AKSARAY;ESKİL;1.10;0.50;bolge3;0.97
AKSARAY;GÜLAĞAÇ;1.10;0.50;bolge3;0.97
AKSARAY;GÜZELYURT;1.00;0.50;bolge3;0.97
AKSARAY;ORTAKÖY (AKSARAY);1.20;0.50;bolge3;0.97
AKSARAY;SARIYAHŞİ;1.10;0.50;bolge3;0.97
AKSARAY;SULTANHANI;1.2;0.50;bolge3;0.97
BAYBURT;MERKEZ;1.10;0.60;bolge3;0.98
BAYBURT;AYDINTEPE;0.90;0.50;bolge3;0.98
BAYBURT;DEMİRÖZÜ;0.90;0.50;bolge3;0.98
KARAMAN;MERKEZ;1.40;0.70;bolge3;0.97
KARAMAN;AYRANCI;1.10;0.70;bolge3;0.97
KARAMAN;BAŞYAYLA;1.00;0.70;bolge3;0.97
KARAMAN;ERMENEK;1.00;0.70;bolge3;0.97
KARAMAN;KAZIMKARABEKİR;1.00;0.70;bolge3;0.97
KARAMAN;SARIVELİLER;1.00;0.70;bolge3;0.97
KIRIKKALE;MERKEZ;1.70;1.00;bolge2;0.97
KIRIKKALE;BAHŞİLİ;1.70;1.00;bolge2;0.97
KIRIKKALE;BALIŞEYH;1.20;0.70;bolge2;0.97
KIRIKKALE;ÇELEBİ;1.00;0.70;bolge2;0.97
KIRIKKALE;DELİCE;1.10;0.70;bolge2;0.97
KIRIKKALE;KARAKEÇİLİ;1.00;0.70;bolge2;0.97
KIRIKKALE;KESKİN;1.20;0.70;bolge2;0.97
KIRIKKALE;SULAKYURT;1.00;0.70;bolge2;0.97
KIRIKKALE;YAHŞİHAN;1.70;1.00;bolge2;0.97
BATMAN;MERKEZ;1.50;1.00;bolge3;0.94
BATMAN;BEŞİRİ;0.90;0.80;bolge3;0.94
BATMAN;GERCÜŞ;0.90;0.80;bolge3;0.94
BATMAN;HASANKEYF;0.90;0.80;bolge3;0.94
BATMAN;KOZLUK;0.90;0.80;bolge3;0.94
BATMAN;SASON;0.90;0.80;bolge3;0.94
ŞIRNAK;MERKEZ;1.20;1.00;bolge3;0.94
ŞIRNAK;BEYTÜŞŞEBAP;0.90;0.80;bolge3;0.94
ŞIRNAK;CİZRE;0.90;0.80;bolge3;0.94
ŞIRNAK;GÜÇLÜKONAK;0.90;0.80;bolge3;0.94
ŞIRNAK;İDİL;0.90;0.80;bolge3;0.94
ŞIRNAK;SİLOPİ;0.90;0.80;bolge3;0.94
ŞIRNAK;ULUDERE;0.90;0.80;bolge3;0.94
BARTIN;MERKEZ;1.70;0.70;bolge3;1.01
BARTIN;AMASRA;1.50;0.70;bolge3;1.01
BARTIN;KURUCAŞİLE;1.50;0.60;bolge3;1.01
BARTIN;ULUS;1.00;0.50;bolge3;1.01
ARDAHAN;MERKEZ;1.00;0.60;bolge3;0.92
ARDAHAN;ÇILDIR;0.90;0.50;bolge3;0.92
ARDAHAN;DAMAL;0.80;0.50;bolge3;0.92
ARDAHAN;GÖLE;1.00;0.60;bolge3;0.92
ARDAHAN;HANAK;0.90;0.50;bolge3;0.92
ARDAHAN;POSOF;1.00;0.60;bolge3;0.92
IĞDIR;MERKEZ;1.40;0.50;bolge3;0.92
IĞDIR;ARALIK;1.00;0.50;bolge3;0.92
IĞDIR;KARAKOYUNLU;1.00;0.50;bolge3;0.92
IĞDIR;TUZLUCA;1.00;0.50;bolge3;0.92
YALOVA;MERKEZ;2.50;1.20;bolge1;1.03
YALOVA;ALTINOVA;2.00;1.20;bolge1;1.03
YALOVA;ARMUTLU;2.00;1.20;bolge1;1.03
YALOVA;ÇINARCIK;2.00;1.20;bolge1;1.03
YALOVA;ÇİFTLİKKÖY;2.00;1.20;bolge1;1.03
YALOVA;TERMAL;2.00;1.20;bolge1;1.03
KARABÜK;MERKEZ;1.70;1.00;bolge3;1.03
KARABÜK;EFLANİ;1.00;0.80;bolge3;1.03
KARABÜK;ESKİPAZAR;1.00;0.80;bolge3;1.03
KARABÜK;OVACIK;1.00;0.80;bolge3;1.03
KARABÜK;SAFRANBOLU;1.50;1.00;bolge3;1.03
KARABÜK;YENİCE (KARABÜK);1.00;0.80;bolge3;1.03
KİLİS;MERKEZ;1.70;1.10;bolge3;0.95
KİLİS;ELBEYLİ;1.40;0.70;bolge3;0.95
KİLİS;MUSABEYLİ;1.20;0.70;bolge3;0.95
KİLİS;POLATELİ;1.20;0.70;bolge3;0.95
OSMANİYE;MERKEZ;1.70;1.10;bolge3;0.93
OSMANİYE;BAHÇE;1.20;0.70;bolge3;0.93
OSMANİYE;DÜZİÇİ;1.20;0.90;bolge3;0.93
OSMANİYE;HASANBEYLİ;1.30;0.80;bolge3;0.93
OSMANİYE;KADİRLİ;1.20;0.90;bolge3;0.93
OSMANİYE;SUMBAS;1.00;0.50;bolge3;0.93
OSMANİYE;TOPRAKKALE;1.50;0.80;bolge3;0.93
DÜZCE;MERKEZ;1.40;1.00;bolge3;1.03
DÜZCE;AKÇAKOCA;1.40;1.00;bolge3;1.03
DÜZCE;CUMAYERİ;1.00;1.00;bolge3;1.03
DÜZCE;ÇİLİMLİ;1.00;1.00;bolge3;1.03
DÜZCE;GÖLYAKA;1.00;1.00;bolge3;1.03
DÜZCE;GÜMÜŞOVA;1.00;1.00;bolge3;1.03
DÜZCE;KAYNAŞLI;1.40;1.00;bolge3;1.03
DÜZCE;YIĞILCA;1.00;1.00;bolge3;1.03
